file_index,title,text,rating,ground_truth,predicted,emotion_llm,error,asin,verified_purchase,helpful_vote,correct
102813,Leave yourself time to match gifts to recipients!,"Gift card tin arrived with Santa bag on time. However, the recipient information was tossed in the package without any reference to the actual gifts. Luckily I knew which tag went with which gift, and the gift values weee the same. However, this was a problem for gifts sent directly to recipients. The only gifts which were properly marked were the gift-wrapped items, but even those arrived with extra recipient tags adding to confusion. We should not have to build-a-gift at these prices. Amazon, you can do much better than this!",3.0,NEUTRAL,NEGATIVE,anger,,B01E4QQAWW,False,0,False
148764,Four Stars,Granddaughter was very happy with it.,4.0,POSITIVE,POSITIVE,joy,,B00BXLTUUG,True,0,True
41361,Ease of  use.,It is so easy load. No problems at all.,4.0,POSITIVE,POSITIVE,trust,,B00IX1I3G6,True,0,True
27651,Always a hit,Great gift,5.0,POSITIVE,POSITIVE,joy,,B072F9T6VX,True,0,True
67517,Four Stars,I liked the design.  It was easy to obtain and didn't need additional gift wrapping.,4.0,POSITIVE,POSITIVE,joy,,B01K8RK2KW,True,0,True
14528,Excellent,Loved it,5.0,POSITIVE,POSITIVE,joy,,B06ZY44YG4,True,0,True
49110,Easy gift giving,Nice,5.0,POSITIVE,POSITIVE,joy,,B00CXZPG0O,True,0,True
90350,Attractive box and good gift for friends,It's always a good gift to thank friends. No other item is better than an Amazon gift card I believe. The gift box is attractive and good appearance.,3.0,NEUTRAL,POSITIVE,joy,,B01K8RMDO0,True,0,False
87289,Gift card arrived water damaged,Gift card arrived water damaged even though it was within plastic wrapping. Could not give it as a gift.,1.0,NEGATIVE,NEGATIVE,anger,,B077T9WSSN,False,1,True
47094,Don’t travel with Amazon credits.,I tried to add some funds to purchase a movie and it let me add the funds but not use them to purchase the movies because I was out of the country when attempting this.  So I’ll go back to using Netflix which works wherever I go.,1.0,NEGATIVE,NEGATIVE,anger,,B00IX1I3G6,True,0,True
69247,Convenient,The presentation tin was very nice.,5.0,POSITIVE,POSITIVE,joy,,B01K8RJDEI,True,0,True
66452,There was zero balance on card! It was supose to be $25.000 gift card!,There was zero balance on gift card! It should have been $25.00. She went to use it and there was supose to be a  card with it and no card to say who was from! This needs to be corrected. .,3.0,NEUTRAL,NEGATIVE,anger,,B01K8RJDEI,True,0,False
137863,Santa Gift Card Box,"Great gift card presentation device.  However, the paint on edges of the lids was marred/chipped.  Ordered replacements still not perfect.",3.0,NEUTRAL,NEUTRAL,trust,,B0091JKY0M,True,0,True
29775,damaged,"Bought this as a gift for my grandson's birthday.  The gift card looks OK, but the Happy Birthday gift card holder was ripped and looks awful.  I'll have to tape it together, which will make for a lousy presentation.  Disappointing.",1.0,NEGATIVE,NEGATIVE,sadness,,B01K8RL9C2,True,6,True
31151,Five Stars,Great gift,5.0,POSITIVE,POSITIVE,joy,,B01DCN6SFM,True,0,True
126732,Great idea for a grad...,Ordered 2...one was fine the other damaged.  I am sure the recent grad wont care...just frustrating.,3.0,NEUTRAL,NEGATIVE,anger,,B01B25LC7Q,True,0,False
32437,Gift card,Excellent seller and product,5.0,POSITIVE,POSITIVE,joy,,B01K8RMDO0,True,0,True
63278,Box was crushed.,The box was in terrible shape. I could not use it with the gift card.🙁,1.0,NEGATIVE,NEGATIVE,sadness,,B008EN45YW,True,0,True
22974,Great for spending. Not great for sinking in jello,"I put this gift card in jello for my sisters-in-laws birthday... the tin floats. Man did i not see that coming. If you buy this to put it in jello, maybe get some rocks for the inside. Otherwise it will float. Clearly a stapler is easier to use. The card spends great tho! Highly recommend if you don’t need to put in jello... also still recommend if you do need to put it in jello.",5.0,POSITIVE,POSITIVE,surprise,,B0866RXCBJ,True,1,True
147565,Gift card,Awesome,5.0,POSITIVE,POSITIVE,joy,,B072P5VV4D,True,0,True
18870,Don’t expect this card to function like a typical Visa,Don’t buy this card. This card doesn’t work with Apple Wallet (cannot get added). It doesn’t work at gas station either. I ended up adding it back to my Amazon account.,1.0,NEGATIVE,NEGATIVE,anger,,B07HJD9FVV,True,3,True
132500,One card was empty,I have them as gifts but one card has nothing on it,1.0,NEGATIVE,NEGATIVE,anger,,B00FTGFFOG,True,0,True
12465,Good value,Good value,3.0,NEUTRAL,POSITIVE,joy,,B07HJHK8Y5,True,0,False
43305,Five Stars,Perfect gift for anyone.,5.0,POSITIVE,POSITIVE,joy,,B001H53QDU,True,0,True
102764,Good,Ok,3.0,NEUTRAL,NEUTRAL,trust,,B086KKT3RX,False,0,True
86391,There's truly little reason to buy a Fandango gift card ...,There's truly little reason to buy a Fandango gift card.  About 20% of it goes to &#34;Convenience Fees&#34;.  Just buy a gift card to the theater directly.,1.0,NEGATIVE,NEGATIVE,anger,,B00S5J8456,False,3,True
132750,"DON'T BUY, UNUSABLE","Worthless, can't be used towards any type of special spotify account (Student, family etc.).<br /><br />Also couldn't be returned after I discovered this trap.<br /><br />Spotify are a bunch of blood sucking leeches who deserve more 1 star ratings for this. I'm literally canceling my own spotify premium and switching to Pandora just because of this putrid experience.",1.0,NEGATIVE,NEGATIVE,anger,,B00G3LBDDS,True,0,True
84578,Hassle free Christmas,I’m happy with my purchase. It made giving Christmas gifts so much easier to just buy this gift card online and get it delivered to my family member. This made my life so much easier and I’m glad I didn’t have to go out into traffic to get it.,5.0,POSITIVE,POSITIVE,joy,,B076CXY1MN,True,3,True
128933,Three Stars,This tin came all dented.,3.0,NEUTRAL,NEGATIVE,anger,,B00JDQKELW,True,0,False
131242,Beautiful box for presentation.,"Kind of hard to open, would prefer it to open on the top.?",3.0,NEUTRAL,NEUTRAL,anticipation,,B06ZYZ1TKK,True,0,True
124704,"Amazon, really,  you can do better than this!!","It is a rip off!  I should have read the reviews.  Amazon, really, you can do better than this.... my trust level for your company just went down.  This is the second time this month I have bought a non returnable item from Amazon.",1.0,NEGATIVE,NEGATIVE,anger,,B07Q8KN5TJ,True,1,True
105656,Scam,"Do not buy.  If you search gift car this comes up.  Thought I was buying 500 gift card to give away, instead it put it on my account.  I dealt with amazon chat and was told they are unable to return it or take it back and that I would have to purchase another gift card.  So I went and got my actual gift card went to checkout.... cannot use gift card balance to buy a gift card.  Ridiculous amazon cannot undo this purchase",1.0,NEGATIVE,NEGATIVE,anger,,B086KKT3RX,True,3,True
64682,misleading,"Figured out that this whole mess was because there were more than a card in some of the boxes (one worked, the other not).",3.0,NEUTRAL,NEGATIVE,anger,,B07FK7L976,True,0,False
23068,Love the iTunes but no good 😢,"The numbers & letters is wrong I want a new<br />$200.00 card. Because the one I have look like someone had used it. I scratch it off but someone<br />knew the numbers, letters I was the one scratch it off",1.0,NEGATIVE,NEGATIVE,anger,,B075H1SPZH,True,4,True
48444,an easy way to add money to my account,a thumbs up,5.0,POSITIVE,POSITIVE,joy,,B00IX1I3G6,True,0,True
91555,OK Gift Card,OK Gift Card but the package was damaged,3.0,NEUTRAL,NEUTRAL,surprise,,B01K8RMDO0,True,0,True
17622,Cute Box,Who doesn't love an amazon card,5.0,POSITIVE,POSITIVE,joy,,B07FK7L976,False,0,True
35756,Almost threw it in the trash! Needs better labeling on outside envelope.,"I love Amazon and shop continuously on it.  I bought a gift card for my mom for Xmas and the tracking info actually said I would get it one day earlier than the other products I ordered at the same time.  So when a non descript sealed envelope came in a box with something else I tossed it on the counter thinking it was junk mail like so many other companies send with their products.  I actually forgot about the GC as I expected it to come snail mail solo.  So this envelope sat for a few days and as I was tossing it into the recycle bin I decided to tear it open.  What to my surprise was inside but another envelope, the holiday card and gift card.  Wow was I surprised.  Since the outside envelope is just packaging it should be better labeled as to the contents.",3.0,NEUTRAL,NEUTRAL,surprise,,B005J04340,True,0,True
136512,Very nice.,Arrived next day. Cool little tin. People really liked the packaging. Nice addition to the standard gift card. Definitely will buy again.,5.0,POSITIVE,POSITIVE,joy,,B0091JKY0M,True,0,True
9319,Need be more Attractive!!!,Can be a little more attractive for kids.,3.0,NEUTRAL,NEUTRAL,anticipation,,B0727VWLZ9,True,1,True
66677,Fast and easy.,A last minute gift for Christmas.,5.0,POSITIVE,POSITIVE,trust,,B0725J7VW7,True,0,True
94270,gift card,It makes it quick and easy when I add money for my in app purchases,5.0,POSITIVE,NEUTRAL,trust,,B00IX1I3G6,True,0,False
11100,Gift card,Easy to use and reload,3.0,NEUTRAL,POSITIVE,trust,,B00IX1I3G6,True,0,False
123543,Loved how easy it is to use,It was super easy to top up and super giftable,5.0,POSITIVE,POSITIVE,joy,,B086KKT3RX,True,0,True
113095,how,dont know  when to reload..never comes up how to use and reload..am i getting my moneys worth as i don't know..no feed back on this,2.0,NEGATIVE,NEGATIVE,anger,,B00IX1I3G6,True,0,True
98184,not unusually,"unlike nothing, it was not special , I brought these for my spouse, he said the food was better in NJ",3.0,NEUTRAL,NEGATIVE,sadness,,B00BXLSZPM,True,0,False
33986,Auto-Renewal caused a big problem,"Even though the price was great, I can't recommend purchasing Office 365 through Amazon.  Cancelling the auto-renewal was easy but in the eyes of MS, my office account was locked to Amazon.  Took lengthy phone calls with MS support over several weeks to resolve.",1.0,NEGATIVE,NEGATIVE,anger,,B081BN3MG6,True,0,True
66164,"It's not the product, it's how the package was handled/delivered",The gift cards are great. The only reason for the 3star review is how I got my package.... All of the tin Santa cases for the gift cards are all dented... The package I received had over 9 delivery stickers on it and was delayed for more than 6 days. There was no weather problems during those days....,3.0,NEUTRAL,NEUTRAL,anger,,B0725JM87R,False,0,True
11606,As expected,As expected,3.0,NEUTRAL,NEUTRAL,trust,,B00IX1I3G6,True,0,True
144675,Five Stars,"real benefits, thanks",5.0,POSITIVE,POSITIVE,joy,,B00IX1I3G6,True,0,True
72344,Thank,Thank,5.0,POSITIVE,POSITIVE,trust,,B00IX1I3G6,True,0,True
52978,Awesome,Great deal,5.0,POSITIVE,POSITIVE,joy,,B00IX1I3G6,True,0,True
150016,Very cute!,Very cute and arrived on time.,5.0,POSITIVE,POSITIVE,joy,,B07Y93PHLP,False,0,True
97408,"Easy to load, was what I needed to complete a transaction","I was reminded that I can reload this card to help complete a purchase that I was short of only 50 cents. It loads money in an instant, and I was able to complete the transaction to receive item the very next day. I would like to thank the rep who reminded me I can do this, because I was frustrated and would have simply cancelled my order.",5.0,POSITIVE,POSITIVE,joy,,B00IX1I3G6,True,1,True
135747,Why don’t you include the amount?!,I read reviews that the total wouldn’t be on the cards. I was fine with it. Until I learned I’d have to scratch every gift card code on the back to figure out the totals. Now they look used and have to give them to my kids teachers. Ridiculous. I’d imagine these are pretty loaded In the warehouse waiting to go out? Put the amount on the plastic bag they come in. It’s really not that complicated.,3.0,NEUTRAL,NEGATIVE,anger,,B01LXGGQXW,True,1,False
141585,Great,Great.,5.0,POSITIVE,POSITIVE,joy,,B00IX1I3G6,True,0,True
94182,Reloading my balance,"Love this site,never have any problems reloading.  Thank you.  C",5.0,POSITIVE,POSITIVE,joy,,B00IX1I3G6,True,0,True
57341,Never received $5. bonus promised when purchased.,"Hi,  First, I never received the $5. bonus that I was supposed to get in November.  Second, I purchased these as Christmas gifts and because of all the reviews from people who had problems cashing the cards in, I was afraid to give them to anyone else.  I ended up applying all 3 cards to my own Amazon account.  Thank goodness they all worked but I couldn't use them as gifts.  Third, the area on the back that you are supposed to &#34;scratch&#34; off was very difficult to remove and on one card, one of the letters beneath it was almost removed as well.  I had to try a couple of times before I got the right letter & the card finally was approved.  I would not take a chance on an &#34;offer&#34; like this from Amazon again.",1.0,NEGATIVE,NEGATIVE,anger,,B005FGQIL4,True,5,True
88277,Mystery Gift,My daughter was gifted a card and has no way to determine value without redeeming!,1.0,NEGATIVE,NEGATIVE,anger,,B06WVJBLBQ,False,1,True
151038,One Star,This card was not activated for use. Could not return it.,1.0,NEGATIVE,NEGATIVE,anger,,B00G3LBDDS,True,0,True
148301,Oh boy!,Good stuff.,3.0,NEUTRAL,POSITIVE,joy,,B00S5J8456,False,0,False
121633,$100 Amazon gift card,Excellent!  Design was nice,5.0,POSITIVE,POSITIVE,joy,,B07DD6YZ7H,True,0,True
119797,One Star,i couldnt pre-order mp3 album with it,1.0,NEGATIVE,NEGATIVE,anger,,B00IX1I3G6,True,0,True
83031,Gift cards are neat,They're gift cards. Woohoo you payed to put money on a card. I know I did it. It was for good reason though.,5.0,POSITIVE,NEUTRAL,joy,,B07HJD9FVV,True,0,False
112403,Complete disregard to product quality.,"What a cutesy design on the product's page, right? I ordered this birthday one, and a graduation one. The graduation one was perfect; 5 stars, presentation, container, etc. This birthday one however, wasn't.<br /><br />They shipped it, WITHOUT THE OTHER CUPCAKE HALF.<br /><br />Someone shoved this half baked birthday card inside a brown envelope alongside a perfectly done one, and said ""Yep, this is fine!""",1.0,NEGATIVE,NEGATIVE,anger,,B01C9MW8Z6,True,3,True
3318,I gave these as christmas gifts to my nieces and ...,I gave these as christmas gifts to my nieces and nephews. They appreciated the gift and credit card of their own feel. Unfortunately Auntie was expected to take them to the movies and provide a meal with this gift.,3.0,NEUTRAL,NEUTRAL,sadness,,B00FTGCKXA,True,0,True
132468,HORRIBLE GIFT CARD,CUSTOMER SERVICE IS TERRIBLE,1.0,NEGATIVE,NEGATIVE,anger,,B07HJD9FVV,False,2,True
46713,works but could be simpler,works but could be simpler to use,3.0,NEUTRAL,NEUTRAL,trust,,B086KKT3RX,True,0,True
110850,Card was not activated,"The card was not activated and by the time the person I sent it tried to use it, the card was declined and Amazon has no option to return it. I called the number on the back of the Visa card and was directed back to Amazon. $105 wasted.",1.0,NEGATIVE,NEGATIVE,anger,,B01MSBQB1P,True,0,True
91577,No value!,Tried to purchase with the card. Said zero value.,1.0,NEGATIVE,NEGATIVE,anger,,B01K8RMDO0,True,2,True
39070,Cute,Really cute for a birthday present.,5.0,POSITIVE,POSITIVE,joy,,B01C9MW8Z6,True,0,True
92742,DIFFICULT TO USE. BRING BACK THE OLD FORMAT!,DIFFICULT TO USE. BRING BACK THE OLD FORMAT!,1.0,NEGATIVE,NEGATIVE,anger,,B086KKT3RX,True,457,True
115159,Great Service!!,Received my card today in excellent condition and I know that I will have a very happy teenager come Christmas,5.0,POSITIVE,POSITIVE,joy,,B00GB8LQPI,True,1,True
22437,Ok,Ok,3.0,NEUTRAL,NEUTRAL,trust,,B00IX1I3G6,True,0,True
81265,its gift card,"its a gift card, not even sure why Amazon wants me to review it. It was a pain as I had credit card gift card I wanted to use and pay the remainder on my debit card, Amazon said ""no"". So I had to buy this gift card with the other gift card so I could buy my gift and pay the difference on my own card, what a pain.",3.0,NEUTRAL,NEGATIVE,anger,,B086KKT3RX,True,0,False
113183,Convenient service but still some confusion?,The reload itself went fine but I had some problems re activating the reloaded card as my payment option. I'm still not sure how I got it to work...,3.0,NEUTRAL,NEUTRAL,surprise,,B00IX1I3G6,True,2,True
38691,Great gift to me,The design is cool. Overall GOOD.,3.0,NEUTRAL,POSITIVE,joy,,B08B3PL6B1,True,3,False
117597,Look and Wait,difficult to find and no verification that I was successful in using online reload but overall OK,3.0,NEUTRAL,NEUTRAL,trust,,B00IX1I3G6,True,1,True
148142,Could not use,I don’t think it has anything on it,3.0,NEUTRAL,NEGATIVE,anger,,B07MZSNBZD,True,0,False
37501,Works,What else can I say? It works!,5.0,POSITIVE,POSITIVE,joy,,B00IX1I3G6,True,0,True
4218,Do not buy,"This is a scam - can't be used for Spotify, it's a joke",1.0,NEGATIVE,NEGATIVE,anger,,B00G3LBDDS,False,0,True
110674,Refused at some restaurants,I gave four of these as gifts for Christmas.  Some restaurants will not take them.  Doesn’t make for a very good gift if you’re limited on where you can use them.,2.0,NEGATIVE,NEGATIVE,anger,,B01MSBQB1P,True,0,True
128394,Connections Account not safe for gift cards,"We purchase gift cards every year from Cinemark and reload them throughout the year. We listened to the advertising and advice from Cinemark and added our giftcard to our connection account a little over a year ago. BIG MISTAKE! Cinemark does not have good protection from cyber hackers for their connection site. Thus our giftcard was hacked from the connections site and we lost $225.00 of our giftcard balance when that balance was stolen from their site and used over 800 miles a way to, I guess, have an expensive movie night out! I wish we had ignored Cinemark and their advertising as if we had just used the giftcard we purchased and taken it out of our wallet to pay and not linked the GC number to our account we would still have $225.01 that was haced.<br /><br />Cinemark also does not honor their guests. We have been treated rudely. Told musinformation, like that their loss prevention team would call yet that has never happened. Also asked to be able to speak to corporate about our situation only to have our requests fall on deaf ears. We filed a police report, but could not give completed information as we have been unable to speak with loss prevention about exactly what happened. How was our account hacked? Were other accounts hacked? So today we also filed a complaint against Cinemark USA Inc. For lack of customer service, failure to secure their site while protecting people's money and still advertising to people to add your GC to that unsafe site! Protect yourself. Buy your giftcard, keep it safe in your wallet and enjoy it from there. That way you keep what is yours! Don't let Cibemark lose what is yours! Trust me they won't do anything about it and they won't give the lost money back!",1.0,NEGATIVE,NEGATIVE,anger,,B07HFRK4NR,False,3,True
96778,Cards were empty. Waste of money.,"Unable to redeem these cards, they each had $0 dollars on them. Money down the drain.",1.0,NEGATIVE,NEGATIVE,anger,,B07GTM8YBY,True,0,True
120380,Loved it,Loved the special graduation icons,5.0,POSITIVE,POSITIVE,joy,,B00WRS2C68,True,0,True
110853,Wht such a high purchase fee?,I think the service fee of $5.95 is too high.,3.0,NEUTRAL,NEGATIVE,anger,,B01MSBQB1P,True,0,False
112544,Disappointed in the bent tin.,I received this and it was so bent up that the cupcake tin wouldn’t close.  I was disappointed because it was for a child’s birthday gift.  I’ve purchased many gift cards and this is the only time I was unhappy with my purchase.,3.0,NEUTRAL,NEGATIVE,sadness,,B01C9MW8Z6,True,0,False
63707,Details unclear,An attractive offer but i did not understand that the bonus would only apply to an order shipped directly from Amazon,3.0,NEUTRAL,NEUTRAL,surprise,,B00IX1I3G6,True,1,True
122435,What headline?,I thought I could use it for subscription or something. Couldn't. Currently I don't know what to do with it or how to use it...,1.0,NEGATIVE,NEGATIVE,anger,,B086KKT3RX,True,0,True
130394,A nightmare,There is no simple way to get these v bucks onto a secondary account on ps4. Epic games and PlayStation are both no help in fixing the issue either,1.0,NEGATIVE,NEGATIVE,anger,,B08ZL1W41Q,True,0,True
132493,"Would have been nice if the ""this is a gift"" line was noticed ...",This was a gift item and the person receiving said there was no information from where it came.  She had to send an embarrassing text to find out &#34;who sent the Amazon gift card&#34;.  Would have been nice if the &#34;this is a gift&#34; line was noticed with to and from.,3.0,NEUTRAL,NEGATIVE,anger,,B071YT3CB8,False,1,False
71161,Three Stars,1,3.0,NEUTRAL,NEUTRAL,trust,,B00IX1I3G6,True,0,True
59471,Great gift box,Loved the free gift box,5.0,POSITIVE,POSITIVE,joy,,B0725JM87R,True,0,True
102405,Did not work,I gave this to my friend As a gift it says there is money on the card but it will not work<br />It shut down a system at a store when they tried to use it. When you call it says money is on there but they can’t use it,1.0,NEGATIVE,NEGATIVE,anger,,B07HJHK8Y5,False,0,True
26927,False advertising,Ripp off. The offer was  $50.00 for $40.00 and the charged the $50.00. Dont fall for it. The cards did arrive timely but not at the price avertized.,1.0,NEGATIVE,NEGATIVE,anger,,B00FTGTM5E,False,0,True
80293,good stuff,loved the packaging. Makes giving a gift card much better.,5.0,POSITIVE,POSITIVE,joy,,B076417B1K,True,0,True
835,Great gift card for friends in holiday season,Great design of gift card for friends to eat some chipotle food in holiday season. Easy to use.,5.0,POSITIVE,POSITIVE,joy,,B07SSFSFJD,True,2,True
88204,Gift Cards how can you rate gift cards,Gift Cards are gift cards...can't go wrong there.,5.0,POSITIVE,POSITIVE,trust,,B06WVJBLBQ,True,0,True
88804,Overcharged,"I purchased a Brother Compact Monochrome Laser Printer, HL-L2370DWXL, which included a promotional offer, ""Buy any Brother XL Printer, and receive a $20 gift card... Gift Card must be added to Shopping Cart, and offer will be reflected at Checkout."" I should not have been charged for this card. Very unhappy.",1.0,NEGATIVE,NEGATIVE,anger,,B06WVJBLBQ,True,1,True
78561,It was supposed to be for mother's day and I received one that looked more like it was intended for a birthday,"I received the wrong card. It was supposed to be for mother's day and I received one that looked more like it was intended for a birthday, with balloons and such on it.",2.0,NEGATIVE,NEGATIVE,anger,,B01IE4300U,True,1,True
100926,Having problems doing that,Trying to cancel it,3.0,NEUTRAL,NEGATIVE,anger,,B00IX1I3G6,True,0,False
31199,For those sewers in your life.,Great gift card for those crafty people on your list.,5.0,POSITIVE,POSITIVE,joy,,B00VF0MCCS,True,0,True
75278,Just a gift card,Just a gift card,3.0,NEUTRAL,NEUTRAL,trust,,B00IX1I3G6,True,0,True
94519,was not activated,I was trying to buy some thing and kept on saying that the card was invalid,1.0,NEGATIVE,NEGATIVE,anger,,B07HJHK8Y5,True,1,True
80206,Service,My card was all damaged and the outside envelope came later then said,3.0,NEUTRAL,NEGATIVE,anger,,B00BXLTZ6K,True,1,False
99209,One Star,Not very happy went to use this and it was not loaded with the $25 :(,1.0,NEGATIVE,NEGATIVE,sadness,,B00YD5XWEY,True,1,True
148853,"Horrible, horrible, horrible!! Do NOT order from this SHAM company!","I don't know what kind of sweatshop these guys are running, but I've had problems with them since day ONE--I tried to give them ZERO STARS, but I HAD to give them at least one (which is being generous, in my opinion). I ordered my cards well in advance, and they still did not arrive on time. When I called the company to figure out what the issue was, they sent my phone call to somewhere in India--I was put on hold numerous times while they scrambled around trying to figure out what was going on with an order they had sent. When they finally had some information, they GUARANTEED a delivery date--the date passed with NO cards in the mail whatsoever. Apparently, this 'company' (and I use that term very loosely) takes 2+ weeks to process and send out FAULTY orders.<br /><br />When the individual DID receive the card it looked as though it had been used, and did not even WORK. When I explained to 'GiftCard Mall' what had happened, and told them that my mother said it looked like the card was in rough condition (the individual at the store the card was purchased for, in fact, confirmed the card HAD been reloaded--she had guessed it was multiple times from the shape the card was in), they implied that she was lying about it! The manager I spoke with on the phone was constantly interrupting me and trying to speak over me while I was trying to explain myself--trying to convince me that the United States Postal Service doesn't have tracking numbers. I told the manager that I was guaranteed a delivery date when I called previously, at the very least I expect a company to stick by the guarantees THEY offer, but apparently this company does NOT stick by their promises. The records they had of my previous conversation was entirely lacking, and instead of trying to resolve the issue the 'manager' (I say this because he was both condescending and unprofessional) then sent me off to get lost in the paperwork of some 'corporate office.'<br /><br />I love Amazon, and I love the convenience of online shopping--I would have been a FREQUENT customer of GiftCard Mall, but this business isn't a business at all. These guys take your order and your HARD-EARNED MONEY, and then throw an old, previously used giftcard in the mail hoping it's the right store, with the right amount, going to the right location--if not, oh well! It will be your fault...but only because you still chose to order from them after reading this.<br /><br />From now on, I will be buying my giftcards the old-fashioned way--if it ain't broke...",1.0,NEGATIVE,NEGATIVE,anger,,B003YLZCFK,True,80,True
85972,Beware of packaging,"I purchased a $50 gift card and had it sent to a relative. All of the online documentation indicated the recipient would not know what was in the package.  There was a box during the order process for a To: and From: and I also added ""Do Not Open Until Christmas"". The package arrived on the specified day but the label on the outside of the box did not have any indication of my note.  The recipient opened the box to find a sealed Amazon envelope and a packing slip.  The sealed envelope contained the gift card.  I figured the note should be here; nope.  I finally found the note on the packing slip.  OK, that's fine, but the packing slip also had the description of what was inside the sealed envelope including the denomination of the gift card; so much for a surprise.",3.0,NEUTRAL,NEGATIVE,anger,,BT00CTP11I,True,0,False
107945,This sux,Bad,1.0,NEGATIVE,NEGATIVE,anger,,B072F9T6VX,True,0,True
90117,"Gift message was not left with package, my brother had no idea who it was from, very disappointing.",Should have given the gift message with the gift card so my brother knew who it was from.,3.0,NEUTRAL,NEGATIVE,anger,,B08JV9BS26,False,0,False
73794,Perfect Gift,Perfect gift for someone who has most everything.,5.0,POSITIVE,POSITIVE,joy,,B01K8RL9C2,True,0,True
88064,Hard to figure the value from outside.,Hard to figure the value from outside.,3.0,NEUTRAL,NEUTRAL,surprise,,B06WVJBLBQ,True,0,True
141299,Fun for birthdays,Great birthday gift.,5.0,POSITIVE,POSITIVE,joy,,B00JDQJVF2,True,0,True
63859,"ill try most things, once",glad to get a ten dollar reward to try it out.,3.0,NEUTRAL,POSITIVE,joy,,B00IX1I3G6,True,0,False
71138,Pretty,Basic gift card,5.0,POSITIVE,NEUTRAL,trust,,B076417B1K,True,0,False
34147,Not a Bear.  Tradition Ruined,I've been getting the Amazon Gund bear every year.  This year the bear was replaced by socks.  Very sad end to a great tradition from the Amazon promotion team..,1.0,NEGATIVE,NEGATIVE,sadness,,B077TG1GVY,True,8,True
133997,Limited use,This gift card cannot be used at Starbucks in a Barnes and nobles store.,3.0,NEUTRAL,NEUTRAL,trust,,B00AR51Y5I,True,0,True
84880,Three Stars,Cute little Xmas case,3.0,NEUTRAL,POSITIVE,joy,,B01DCN8P2Q,True,0,False
151652,That I can use it,The one did not work.  Won’t buy again,1.0,NEGATIVE,NEGATIVE,anger,,B08B3NYGBF,True,1,True
94938,Doesn't work,It doesn't work,1.0,NEGATIVE,NEGATIVE,anger,,B07HJHK8Y5,True,0,True
144602,Call the number on the back to register card DO NOT USE SITE,2/3 worked fine trying to get Amazon to fix the last card because a google charge ended up there that wasn’t me. People are using fake sites to steal money so just call the number on the back of the card to avoid your money going missing and try to transfer it to a personal card if you can,3.0,NEUTRAL,NEGATIVE,fear,,B07GH7JZ91,False,2,False
118954,ok but I was offered a $10. gift promo ...,"ok  but I was offered a $10. gift promo for ordering it but did not receive it... and I ordered another $50.card with same promo and got card and no promotion., so I gave it a 3",3.0,NEUTRAL,NEUTRAL,anger,,B005ESMF5G,True,0,True
95228,I'm glad I did not give this card away as a ...,"I'm glad I did not give this card away as a gift because I would be embarrassed to find out that it did not work for the recipient when it was supposed to. I've called the phone number on the back of the card and it is activated and contains the appropriate balance. The card, however, did not read and was neither &#34;accepted or declined&#34;, as the manager was telling me this.<br /><br />I've gone to the company that operates the card and it referenced that any redemption issues should notify the retailer that issued the card. So now I wait to find out how I can use my card with a balance but cannot be read and processed.",2.0,NEGATIVE,NEGATIVE,anger,,B00JJ59UA8,True,8,True
67363,Pretty but too thin,It is too thin as I thought,3.0,NEUTRAL,NEGATIVE,sadness,,B09ZJ23J2L,True,0,False
115505,Five Stars,Great investment. I need more,5.0,POSITIVE,POSITIVE,joy,,B00AR51Y5I,True,0,True
47494,To give a Christmas gift card in June someone screwed up. I asked for a different card front,Wrong card.  I’ll keep this for Christmas,1.0,NEGATIVE,NEGATIVE,anger,,B071VCQJ24,True,0,True
79122,Arrived in 2 days 👍,Quick delivery and great gift for friend traveling,5.0,POSITIVE,POSITIVE,joy,,B01MSBQB1P,True,0,True
147836,I recieved only 16.,"Orginal order was for 18 cards, I recievd only 16.",1.0,NEGATIVE,NEGATIVE,anger,,B07FK995X7,True,1,True
11344,Amazing,He loved it!,5.0,POSITIVE,POSITIVE,joy,,B075SHPN2P,True,0,True
140506,Envelopes were too small for the cards!,The envelopes were too small for the cards,1.0,NEGATIVE,NEGATIVE,anger,,B005ESMEMU,True,1,True
137064,Prepare to wait...,They claim it will take 5 minutes... more like over an hour every time.. this is inconvenient  and almost funny because when the money goes directly through it should automatically  reflect on the balance... sorry amazon buy this process is broken..,2.0,NEGATIVE,NEGATIVE,anger,,B00IX1I3G6,True,6,True
101905,Great gift idea,"Came quickly, and they loved they could what they want",5.0,POSITIVE,POSITIVE,joy,,B0719C5P56,True,0,True
15283,"These are handy for tough to buy for folks.  Not very personal, but it does allow them to make their own purchases.","These are handy for tough to buy for folks.  Not very personal, but it does allow them to make their own purchases.",2.0,NEGATIVE,NEUTRAL,trust,,B005ESMEI4,True,0,False
141115,Was not activated,Was not activated.,1.0,NEGATIVE,NEGATIVE,anger,,B07FX2LXR4,True,0,True
94929,Came without being loaded,"I bought this as a gift for my mother on Christmas.  When she went to use it, it had no money on it.  I had bought others that worked fine, but this one did not.  Unfortunately it ruined a holiday  present for family.",1.0,NEGATIVE,NEGATIVE,anger,,B07HJHK8Y5,True,1,True
95902,great to use,liked points,5.0,POSITIVE,POSITIVE,joy,,B00IX1I3G6,True,0,True
129478,I really like these gift cards,I really like these gift cards. They are a lot nicer than the gift cards you can buy in the stores.,5.0,POSITIVE,POSITIVE,joy,,B01C9P3EGU,True,0,True
112942,Nice Packaging of the Gift Card,Loved the box it came in!,5.0,POSITIVE,POSITIVE,joy,,B01K8RJDEI,True,0,True
144314,How much is on the card?,I ordered several gift cards at different amounts.  They all came in the same package and there's no way to tell which one is which.,3.0,NEUTRAL,NEGATIVE,anger,,B0719C5P56,True,0,False
146497,Confusing!!,Very confusing!,3.0,NEUTRAL,NEGATIVE,anger,,B00IX1I3G6,True,0,False
137926,RIP OFF,What a rip off had on watch list and hit add to cart right away and put on waiting list,1.0,NEGATIVE,NEGATIVE,anger,,B006PJHPSU,False,1,True
131419,Five Stars,excellent,5.0,POSITIVE,POSITIVE,joy,,B00NVUDIZ0,True,0,True
123615,Nice product but…,Purchased these to add to teacher appreciation gifts. The gift card holders/envelopes are really nice and make for very nice presentation. However I ordered three and one came destroyed. There are no holes in the plastic but it is stretched like someone purposely ripped the envelope open. The claim sticker is not removed so I don’t believe the gift card has been compromised. But if someone ordered these they are likely for a gift so why would you send one that is destroyed.,3.0,NEUTRAL,NEUTRAL,anger,,B07Y92XFRD,True,1,True
37838,Five Stars,just what i asked for,5.0,POSITIVE,POSITIVE,joy,,B00IX1I3G6,True,1,True
90793,Delivery,Missed promised date,1.0,NEGATIVE,NEGATIVE,anger,,B01K8RMDO0,False,1,True
40022,One Star,works fine,1.0,NEGATIVE,NEUTRAL,trust,,B00IX1I3G6,True,0,False
103800,No specific comments,No specific comments,3.0,NEUTRAL,NEUTRAL,trust,,B01IE42XY4,True,0,True
109834,It wasn't like the one on this page,I wasn't impressed with the tin. It wasn't like the one on this page. Get candy crush jelly saga.,3.0,NEUTRAL,NEGATIVE,anger,,B0160LI70C,True,0,False
104240,Five Stars,Great,5.0,POSITIVE,POSITIVE,joy,,B00IX1I3G6,True,0,True
52023,Filling a leaky bucket,"The process is easy, which is good because Kindle raids that balance first.  When you go back later to use the balance, it's reduced or gone.",3.0,NEUTRAL,NEGATIVE,anger,,B00IX1I3G6,True,0,False
